Name,Category,Image URL
dhoni.jpg,Cricket - CSK,https://drive.google.com/uc?export=view&id=1gN-Ct0vV9ZEDUYjeuDxnD10S0w8V7Tlb
DHONI WALK CSK.jpg,Cricket - CSK,https://drive.google.com/uc?export=view&id=1Bfjv5LhCeMVDUjnL9X61z2xr3yld2eIG
thala.jpg,Cricket - CSK,https://drive.google.com/uc?export=view&id=1sd_7DRyVFdMjJiPv0pd32NNL-FW2MJrm
champ.jpg,Cricket - CSK,https://drive.google.com/uc?export=view&id=1loAS-CRDZJDiVcqQrSIt-6fTZZFZ6Xuu
jaddu.jpg,Cricket - CSK,https://drive.google.com/uc?export=view&id=1G_M-GhsTfW46wSU_bBxPd6hw5DBoRh03
team.jpg,Cricket - CSK,https://drive.google.com/uc?export=view&id=17qLTqgKtado9iXDqtyM03kXlvPNZSyq-
dhoni tunnel.jpg,Cricket - CSK,https://drive.google.com/uc?export=view&id=1I4tFDnkzTP3rWI0LF_ylQi9ml_TxME-R
lion dhoni.jpg,Cricket - CSK,https://drive.google.com/uc?export=view&id=1BcAXifEjTgL9ZfRYQuyrahcEN4Y3X0SH
dhoni lifting jadeja.jpg,Cricket - CSK,https://drive.google.com/uc?export=view&id=1iRfczLNAlcEwh7dqXXs9Eiws0H17LplH
dhoni walk.jpg,Cricket - CSK,https://drive.google.com/uc?export=view&id=1QNyN0T8uMuI8APgy7fo7nTURR7HRwE5p
dhoni jaddu lifting.jpg,Cricket - CSK,https://drive.google.com/uc?export=view&id=1at128FlIXhcadjxq0zFTxumm3YGbJp-3
5 cup.jpg,Cricket - CSK,https://drive.google.com/uc?export=view&id=1Ps-uDvmKN04d9Sr3yyxNj8Umn2pQVi80
entire csk team.jpg,Cricket - CSK,https://drive.google.com/uc?export=view&id=1u5TbSChy54w5ic3BXiPs6cc31xEtJN8e
dhoni jaddu lifting.jpg,Cricket - CSK,https://drive.google.com/uc?export=view&id=1at128FlIXhcadjxq0zFTxumm3YGbJp-3
new dhoni.jpg,Cricket - CSK,https://drive.google.com/uc?export=view&id=1MMs7YOjVqjhW0t9OpUuq6upOIN8-vZCh
ms dhoni movie cuts.jpg,Cricket - CSK,https://drive.google.com/uc?export=view&id=1Hiw-u0Eq6JMF1Ba8sOeB3v7JKe95mX1u
csk csk.jpg,Cricket - CSK,https://drive.google.com/uc?export=view&id=1D5PG0686qyxv1AsU7su7k4IK2u0zFXgo
rutu.jpg,Cricket - CSK,https://drive.google.com/uc?export=view&id=1rxf1lefO08IaU21zforoW-eniYJRgZ_i
jaddu new.jpg,Cricket - CSK,https://drive.google.com/uc?export=view&id=1qOejqY1_iyChrUqtqhn3YiF8dGPHMt6x
raina.jpg,Cricket - CSK,https://drive.google.com/uc?export=view&id=1Ij46J_rOXmZlRN8chqM2WRhdAm42tah8
PATHIRANA.jpg,Cricket - CSK,https://drive.google.com/uc?export=view&id=1rpoK1oKomhEqzNZKF_pWsmoSOrN85v7G
dube.jpg,Cricket - CSK,https://drive.google.com/uc?export=view&id=1I2exRGQarLsPcqfWD2gVzVSWKLfpiG1H
dewald.jpg,Cricket - CSK,https://drive.google.com/uc?export=view&id=1Q1AjIUzQlgwhXcXBHli9XXLMQ9pqOT41
mahi and vir.jpg,Cricket - CSK,https://drive.google.com/uc?export=view&id=1IClZlIKTbyJhdk1XKfllUmCwCAViPOZV
chinna thala.jpg,Cricket - CSK,https://drive.google.com/uc?export=view&id=156zSu6g1tKlcy4gZD2L68_bCGsr_rFwo
yellove.jpg,Cricket - CSK,https://drive.google.com/uc?export=view&id=1dpIqmm93572o0B0lFHd38RM9YWbEAOcq
flag new.jpg,Cricket - CSK,https://drive.google.com/uc?export=view&id=1BQ5zoX31lMpZUT0h25Plc4bf1MMrO0CQ
virat rcb.jpg,Cricket - RCB,https://drive.google.com/uc?export=view&id=1agv36ZLYIXoNd2qj24MHYXOKc9pPxsMJ
vk.jpg,Cricket - RCB,https://drive.google.com/uc?export=view&id=1GpW49iry-vWb6yyoWy7I9Z6ZflYjkcNK
cup.jpg,Cricket - RCB,https://drive.google.com/uc?export=view&id=1b6XPyUad6i1viSzQycFPkI94w8T2aWnu
rcb.jpg,Cricket - RCB,https://drive.google.com/uc?export=view&id=1AUREp6t2nNulGWXDfBkQSWfP890K7Yfm
play bold.jpg,Cricket - RCB,https://drive.google.com/uc?export=view&id=1gzykFPtfHRZfZ4MB54x3P1it_Ya6kKVX
vk cup.jpg,Cricket - RCB,https://drive.google.com/uc?export=view&id=1DqGJgttXYXxVEdejwxQdyj-DhJrATHAs
ab and vyrat.jpg,Cricket - RCB,https://drive.google.com/uc?export=view&id=1ry5kG3TEp7fQD_3HPwGlye7Fe5u3gZxg
rcb flag.jpg,Cricket - RCB,https://drive.google.com/uc?export=view&id=1O4peMGglaHCnmmJiOkpYV1eqmJX5Debl
vk anushka.jpg,Cricket - RCB,https://drive.google.com/uc?export=view&id=12MaZJk8MheTfg5hpt4SOf5ccn4QuuVWb
viratu.jpg,Cricket - RCB,https://drive.google.com/uc?export=view&id=1qNU0v2DluocbuBGgDlvXK0xhcX0p6I5I
worldcup.jpg,Cricket - India,https://drive.google.com/uc?export=view&id=1Se0okMOFSSUR1lfpo-4JooYp9S-aHMZh
2011 wc cup dhoni.jpg,Cricket - India,https://drive.google.com/uc?export=view&id=1hgqJKkMzys-m1KIdKieJKUXwsjD2-DWz
dhoni cup.jpg,Cricket - India,https://drive.google.com/uc?export=view&id=1Iv-UkiJ-iWZ2ty8W28YBBzjBCU2Y3z4Q
tendulkar.jpg,Cricket - India,https://drive.google.com/uc?export=view&id=1rvereEWzn2Qmtf-oon-j3qphnU0Q81mf
sachin.jpg,Cricket - India,https://drive.google.com/uc?export=view&id=1u3u8v9N2Xdjpm53zsppbrdSkqU70iQx4
DHONI GOAT INDIA.jpg,Cricket - India,https://drive.google.com/uc?export=view&id=1QSowNrIcre96WBJBPWIMdz-avJ_azApH
india dhoni thala.jpg,Cricket - India,https://drive.google.com/uc?export=view&id=1vqjVv5cuKKdruh_GnOYBwAn53Ezc6hxW
india dhoni.jpg,Cricket - India,https://drive.google.com/uc?export=view&id=1fswRAlmI7H6FGUwaa_MS9CRlTRFAvYozm6
entire dhoni.jpg,Cricket - India,https://drive.google.com/uc?export=view&id=1H6BhImDebTasw0mtSG_Zk2jXc87g3OGw
msd india.jpg,Cricket - India,https://drive.google.com/uc?export=view&id=1C5j8rkM_H5HVfpuXVVh_xD1bwW087EFi
india vk dhonni.jpg,Cricket - India,https://drive.google.com/uc?export=view&id=1qJu38hId3GKrMus3NWTTO17eRgMno4gM
kl rahul.jpg,Cricket - Other IPL,https://drive.google.com/uc?export=view&id=1rXozVN3GFSvTjzGCoDgLD1xsPKyk0a_H
kl.jpg,Cricket - Other IPL,https://drive.google.com/uc?export=view&id=1DTu62GY2q54X0F58d51mezix87Ry6-J6
ronaldo.jpg,Football,https://drive.google.com/uc?export=view&id=1icDpZbirWKWNO3ODgGL8N7Qpew5IGT09
ronnaly.jpg,Football,https://drive.google.com/uc?export=view&id=1ZC9_ToEw5PgndhNrA0TtY5YxYjIHxjov
madrid.jpg,Football,https://drive.google.com/uc?export=view&id=1u5mva4WiJ5LUWahfaSVCjLD0hNRquJy7
BARCA.jpg,Football,https://drive.google.com/uc?export=view&id=1CiixwQnHiG8tvElR0kLr6n4VY0a4nLsG
barcaaaa.jpg,Football,https://drive.google.com/uc?export=view&id=1HItM3CEx0oXZvZfOA-C4tDYMd1BjQ5Ra
messi cup.jpg,Football,https://drive.google.com/uc?export=view&id=1EVhGRrJ6I1bYJKDqk02LUbfmGCZSax-B
messi ballon dor.jpg,Football,https://drive.google.com/uc?export=view&id=1Klef7V_Bj-qfKssFhr9o8gabKbqkE5p8
ankara.jpg,Football,https://drive.google.com/uc?export=view&id=1NWrN47PPF3N7kUL51yk__p6xbCImdHwl
naruto - jun 9.jpg,Anime - Naruto,https://drive.google.com/uc?export=view&id=1ZUcAuPegRaqvJvTnnaC9Seaj66zJzXi9
naruto - hashi4.jpg,Anime - Naruto,https://drive.google.com/uc?export=view&id=15ekrTAbcz6JpqGTVu7OrqgzTEluiN7OU
solo leveling - sacrifice.jpg,Anime - Solo Leveling,https://drive.google.com/uc?export=view&id=1BSncc7WiQKqR6mfABpGkOSnFJF0p1jKr
one piece - luffy.jpg,Anime - One Piece,https://drive.google.com/uc?export=view&id=1FCEcynOylY1ItKyYMbwBRE7uhd6F3h7t
one piece - zoro.jpg,Anime - One Piece,https://drive.google.com/uc?export=view&id=1GYWV72d03GJLtE7cEyHOtW2tpi8fddH-
one piece - ace.jpg,Anime - One Piece,https://drive.google.com/uc?export=view&id=1-xSaUCAAKtp9TBcCFK0dz-M8JOVL-LqE
jujutsu kaisen.jpg,Anime - JJK,https://drive.google.com/uc?export=view&id=1SSSm-Mk--cMqkvE8guG4XcRDLU7q6U9J
spirited away.jpg,Anime - Movies,https://drive.google.com/uc?export=view&id=1MUnPVKdoMG6s_PFhygq8qyPYtBQsggsO
ghib.jpg,Anime - Movies,https://drive.google.com/uc?export=view&id=1KQUQxEeG9YB8bA6Ji0d_OHpRkOXcqqgJ
flow.jpg,Anime - Movies,https://drive.google.com/uc?export=view&id=1JTp-Rvz5GDENXxuYMwyvOCdmArKABGd5
paprika.jpg,Anime - Movies,https://drive.google.com/uc?export=view&id=1YH-_5ETBgVz7PmMYwFz7XLljOW_rq6kp
akira.jpg,Anime - Movies,https://drive.google.com/uc?export=view&id=1jS6-GZcHvIe59jLTuKWQXwgLrB4qIYOz
pulp fiction.jpg,Movies - English,https://drive.google.com/uc?export=view&id=1yw8PpyAxJC1tOWduaYHVTltibGqcMUBE
django unchained.jpg,Movies - English,https://drive.google.com/uc?export=view&id=1WwT4tJ68qQ8X1QrXPcIsS7DFvi1UU2Hr
no country for old men.jpg,Movies - English,https://drive.google.com/uc?export=view&id=1xNtQ-EF7E2YxFtjc-B1ynOf8lHhYwB6l
la la land.jpg,Movies - English,https://drive.google.com/uc?export=view&id=13WdFkjAYpgoRIAYbCrduntaH1Bw7ybNF
leon.jpg,Movies - English,https://drive.google.com/uc?export=view&id=11HlP2qkcFgnOD50kWJTdTOjCjdXjBYvB
7 samurai.jpg,Movies - English,https://drive.google.com/uc?export=view&id=12pVqTLbRztKUiisukEeveuyEr-79yWcx
blade runner.jpg,Movies - English,https://drive.google.com/uc?export=view&id=1S2IO5KWucyq2C07Cvx4XK6M7ARnQoBvu
apocalypse now.jpg,Movies - English,https://drive.google.com/uc?export=view&id=1JvmdY58Ko9FGLxyDgFFOgLRwKCTfDZi7
whiplash.jpg,Movies - English,https://drive.google.com/uc?export=view&id=1-yaGFf7Cd0udSWUr5Skc3lTmLq-J2eaq
psycho.jpg,Movies - English,https://drive.google.com/uc?export=view&id=1x4LNIrQXjDwKsKx26XEDbvfjOjhx-fnf
heat.jpg,Movies - English,https://drive.google.com/uc?export=view&id=1wjx9hE378stz0YS0s8p8444I7y5anQRs
the departed.jpg,Movies - English,https://drive.google.com/uc?export=view&id=10f3g8AS-FvnoPyrxYtY5wYLMqyRazFqz
mad max fury road.jpg,Movies - English,https://drive.google.com/uc?export=view&id=1-qB2WHwZCbVI4viMkgRfxTrKLPFxDCLJ
full metal jacket.jpg,Movies - English,https://drive.google.com/uc?export=view&id=188TVyb4t8n6PbN_4V8RMRF8YGS9nXyIL
pianist.jpg,Movies - English,https://drive.google.com/uc?export=view&id=1WXOus-UPjmMsnyqPP69RucYOU33QziQh
wolf of wall street.jpg,Movies - English,https://drive.google.com/uc?export=view&id=1eaLCQetJoqDNZXy_Yz4XZvTa3tI-KP3z
brad pitt.jpg,Movies - English,https://drive.google.com/uc?export=view&id=1Axb2db4pFLIRDVVyj51cQLAVPGIG8nAC
rajni kanth.jpg,Movies - Tamil,https://drive.google.com/uc?export=view&id=1qbVR2mptM2lbv0Z0hqR4XJ84vKg-mIL9
96.jpg,Movies - Tamil,https://drive.google.com/uc?export=view&id=1MJIqExiQ_uIouzkj32kv0E3J2U3CGOln
ak.jpg,Movies - Tamil,https://drive.google.com/uc?export=view&id=15RCUQjadIr18-bqHTUzdIxNZfkWd7oM3
meiyaghan.jpg,Movies - Tamil,https://drive.google.com/uc?export=view&id=1rALbY78n9tOOagCCief9WI7ha8COCeEa
andavar.jpg,Movies - Tamil,https://drive.google.com/uc?export=view&id=124lSz2BiJL2swIEO3JjfjiLW-QENOMGe
marvel.jpg,Marvel,https://drive.google.com/uc?export=view&id=1Vg5Ly2hVpNqjQZgpzvXKmNcYooIKdP5Y
spidey.jpg,Marvel,https://drive.google.com/uc?export=view&id=1qhTwTmr00daixWPNBAedXRBdavXL_TcK
odinie.jpg,Marvel,https://drive.google.com/uc?export=view&id=1wV0j85JxGoZDSAIu6A4KCwXaw8jww0cu
gym.jpg,Motivation,https://drive.google.com/uc?export=view&id=1a_sXbGs-RLm5l29MxdrurKli6Ixf68MQ
FREEDOM.jpg,Motivation,https://drive.google.com/uc?export=view&id=1F2eC0MvpMBGbci5iSuFqa_1dkierDOpJ
conor mcgregor.jpg,Motivation,https://drive.google.com/uc?export=view&id=1ZMJcsxC3e0fEAsazG3ekt8IEVg6gZO-o
CHE GUEVARA.jpg,Motivation,https://drive.google.com/uc?export=view&id=1DwzWNpDFmzFQTwed13CCtt6Gi0M_cZAD
mm.jpg,Motivation,https://drive.google.com/uc?export=view&id=1Y_5XXaOW4FU8Scwr7PCOl8GnPIREbJoY
epv.jpg,Motivation,https://drive.google.com/uc?export=view&id=1VqMab8gD--OG541Y7SjGuB9xXT_KI3DC
van gogh 1.jpg,Van Gogh,https://drive.google.com/uc?export=view&id=1YMkNcN_ou2d-iSHO9rxsHwOgVSV0gQ1P
van gogh 2.jpg,Van Gogh,https://drive.google.com/uc?export=view&id=1zsPTV0_furuPcwytL2p5ImEW5seAybC2
gvp.jpg,Music Artist - Tamil,https://drive.google.com/uc?export=view&id=1PWWlZ1EO9kn-X2GMyIyJsaquOcC14Yvd
the weeknd.jpg,Music Artist - English,https://drive.google.com/uc?export=view&id=1I209TRf1hjPk_tMfkWOiC56Z4cqV33je
hihh.jpg,Music Artist - English,https://drive.google.com/uc?export=view&id=1faIH4N8XL9-KmsVEN3xp0E5sQrHuXjSm
thomas shelby.jpg,Series,https://drive.google.com/uc?export=view&id=1Yg3ZFr9y0KL2pg5GdH6WEDDy8TuxbO0o
